<?xml version="1.0" encoding="UTF-8"?>
<!DOCTYPE mapper PUBLIC "-//mybatis.org//DTD Mapper 3.0//EN" "http://mybatis.org/dtd/mybatis-3-mapper.dtd" >
<mapper namespace="memberMapper">
	<resultMap type="member" id="memberResultSet">
		<id column="USER_NO" property="userNo"/>
		<result column="USER_ID" property="userId"/>
		<result column="USER_PWD" property="userPwd"/>
		<result column="NICK_NAME" property="nickName" />
		<result column="PROFILE_IMG" property="profileImage"/>
		<result column="PHONE" property="phone"/>
		<result column="ADDRESS" property="address"/>
		<result column="ENROLL_DATE" property="enrollDate"/>
		<result column="MODIFY_DATE" property="modifyDate"/>
		<result column="STATUS" property="status"/>		
	</resultMap>

	<!-- 로그인 -->
	<!-- 
		조회되는 행의 개수 : 1행
		파라미터 타입 : member
		조회되는 타입 : member
	 -->

	<select id="loginMember" parameterType="member" resultMap="memberResultSet">
		SELECT * 
		FROM MEMBER
		WHERE USER_ID = #{userId} AND
		      USER_PWD = #{userPwd} AND
		      STATUS = 'Y'
		
	</select>














</mapper>
