<?xml version="1.0" encoding="UTF-8"?>
<!DOCTYPE configuration PUBLIC "-//mybatis.org//DTD Config 3.0//EN" 
"http://mybatis.org/dtd/mybatis-3-config.dtd" >
<configuration>
	<settings>
		<setting name="jdbcTypeForNull" value="NULL"/>
		<setting name="logImpl" value="LOG4J"/>
		<!-- 
			마이바티스의 쿼리문, 파라미터값, 실행결과를 로그를 통해 확인하기위한 설정정보
			(실제 운영환경에서는 빼야함)
			VALUE값에는 로그출력 구현객체로 LOG4J라는 클래스를 지정함.
		 -->
	</settings>
	
	<typeAliases>
		<typeAlias type="com.kh.spring.member.model.vo.Member" alias="member" />
		<typeAlias type="com.kh.spring.board.model.vo.BoardType" alias="boardType"/>
		<typeAlias type="com.kh.spring.board.model.vo.Board" alias="board"/>
		<typeAlias type="com.kh.spring.board.model.vo.BoardImg" alias="boardImg"/>
		<typeAlias type="com.kh.spring.board.model.vo.Reply" alias="reply"/>
		
		<typeAlias type="com.kh.spring.chat.model.vo.ChatRoomJoin" alias="chatRoomJoin"/>
		<typeAlias type="com.kh.spring.chat.model.vo.ChatRoom" alias="chatRoom"/>
		<typeAlias type="com.kh.spring.chat.model.vo.ChatMessage" alias="chatMessage"/>
	</typeAliases>
	
	<!-- 
		enviroments , datasource에 기술했던 db연결정보는 별도로 기술할 예정(root-context.xml에 작성)
		-> root-context.xml(db등록은 서버연동과 동시에 이루어져야하기때문에 서버연결과 동시에 읽혀지는
		root-context.xml에 기술하는것임)
	 -->
	 
	 <mappers>
	 	<mapper resource="/mappers/member-mapper.xml"/>
	 	<mapper resource="/mappers/board-mapper.xml"/>
	 	<mapper resource="/mappers/reply-mapper.xml"/>
	 	<mapper resource="/mappers/chattingMapper.xml"/>
	 </mappers>

</configuration>
